id,Nombre,Apellido,Correo,id_Mascota
1,Doll,Hiddsley,dhiddsley0@squarespace.com,6
2,Lezlie,Caldayrou,lcaldayrou1@tamu.edu,9
3,Bernarr,Lynde,blynde2@apple.com,2
4,Marylin,McIlvenny,mmcilvenny3@usgs.gov,17
5,Arnoldo,Corrado,acorrado4@cam.ac.uk,13
6,Emlyn,Lay,elay5@smugmug.com,13
7,Sofia,Booley,sbooley6@yale.edu,10
8,Pia,McGarrity,pmcgarrity7@ca.gov,4
9,Mayer,Ash,mash8@prnewswire.com,2
10,Gipsy,Renhard,grenhard9@nature.com,16
11,Prince,Basford,pbasforda@apple.com,20
12,Bruis,Bernaciak,bbernaciakb@liveinternet.ru,14
13,Hunter,Deluca,hdelucac@feedburner.com,11
14,Selina,Cicero,scicerod@dion.ne.jp,5
15,Antonius,Stephen,astephene@netvibes.com,19
16,Aidan,Roggers,aroggersf@wix.com,2
17,Ermina,Regnard,eregnardg@friendfeed.com,2
18,Wilmette,Cleworth,wcleworthh@kickstarter.com,18
19,Bellanca,Cleaver,bcleaveri@histats.com,11
20,Mina,Pitkeathley,mpitkeathleyj@imgur.com,17
